ID,Valeur fonciere
0,651520.0
1,273600.0
2,3733168.2
3,1983.0
4,828370.0
5,194750.0
6,580000.0
7,618.5
8,156990.0
9,164500.0
10,840.0
11,365000.0
12,286400.0
13,191500.0
14,692640.0
15,220271.0
16,77000.0
17,143710.0
18,470000.0
19,209000.0
20,5970.0
21,45000.0
22,153000.0
23,96078.19
24,147000.0
25,12250.0
26,301100.0
27,214800.0
28,635800.0
29,4085.0
30,575000.0
31,236000.0
32,266955.0
33,63000.0
34,320017.0
35,132760.34
36,4197.0
37,486000.0
38,155000.0
39,16591000.0
40,310.0
41,7659.4
42,223300.0
43,766500.0
44,111486.0
45,129990.0
46,3879807.0
47,162500.0
48,1079850.0
49,322000.0
50,27360.0
51,327938.0
52,81900.0
53,20000.0
54,985000.0
55,626634.0
56,159000.0
57,1757000.0
58,2469.6
59,164706.0
60,26082.9
61,154000.0
62,180350.0
63,256100.0
64,13465398.0
65,5500000.0
66,271500.0
67,86125.5
68,110000.0
69,144100.0
70,372.0
71,906.0
72,938000.0
73,172300.0
74,318079.0
75,261068.0
76,128.21
77,358000.0
78,6160229.0
79,1790000.0
80,13871.0
81,316500.0
82,5850.0
83,11106.2
84,1025000.0
85,23000.0
86,86125.5
87,103270.0
88,69500.0
89,197000.0
90,13267.0
91,2062755.0
92,296815.38
93,710700.0
94,1148510.0
95,295850.0
96,395000.0
97,452300.0
98,802935.0
99,190000.0
100,53304892.0
101,657000.0
102,78000.0
103,7262390.0
104,7200.0
105,9888.32
106,1175130.9
107,474200.0
108,392370.0
109,323000.0
110,32050.0
111,1885.0
112,32234568.0
113,6710000.0
114,4754.8
115,261550.0
116,39689.73
117,339000.0
118,258500.0
119,124030.0
120,188000.0
121,55500.0
122,251650.0
123,224200.0
124,5000.0
125,1440000.0
126,4900000.0
127,291525.0
128,219000.0
129,64390.0
130,209500.0
131,121800.0
132,1255.0
133,5850.0
134,360000.0
135,569000.0
136,14707650.0
137,552280.0
138,54500.0
139,579000.0
140,75600.0
141,546912.3
142,130750.0
143,10000.0
144,104750.0
145,88500.0
146,1556.0
147,140500.0
148,21630.0
149,322000.0
150,243100.0
151,100150.0
152,485000.0
153,43735.0
154,83463.0
155,133600.0
156,2517250.0
157,253560.0
158,6182.4
159,99300.0
160,170.5
161,7659.4
162,12220.0
163,97700.0
164,144023.75
165,124950.0
166,142560.0
167,492530.0
168,1738712.0
169,212697.84
170,476450.0
171,223100.0
172,165750.0
173,125941.0
174,225014.0
175,137600.0
176,174850.0
177,628572.0
178,272500.0
179,117050.25
180,6276.0
181,63600.0
182,162240.0
183,46534.6
184,1789200.0
185,248100.0
186,301000.0
187,51034.0
188,163550.0
189,177459.0
190,350000.0
191,719000.0
192,88400.0
193,488760.0
194,568700.0
195,21630.0
196,6343.0
197,620760.0
198,355240.0
199,189947.0
200,235940.0
201,92356.74
202,170350.0
203,13404.0
204,290900.0
205,33517.0
206,415540.0
207,7931.0
208,168000.0
209,61170.12
210,476090.0
211,41400.0
212,541000.0
213,50000.0
214,591900.0
215,235850.0
216,11701.0
217,133360.0
218,1350000.0
219,3733168.2
220,379000.0
221,46950.0
222,46950.0
223,1056000.0
224,15140.0
225,39169.96
226,225480.0
227,78850.0
228,240000.0
229,77100.0
230,72113.0
231,68500.0
232,145250.0
233,5682618.0
234,5472.0
235,393500.0
236,191500.0
237,314900.0
238,388869.0
239,41927.0
240,330740.0
241,304500.0
242,44944.0
243,589750.0
244,375000.0
245,272500.0
246,236000.0
247,10150.0
248,681200.0
249,335160.0
250,176712.5
251,4444.0
252,2220000.0
253,6823377.5
254,561650.0
255,255783.42
256,64749.0
257,4155.0
258,127140.0
259,10799217.0
260,467000.0
261,427000.0
262,27360.0
263,256700.0
264,282500.0
265,12800.0
266,612750.0
267,406750.0
268,538500.0
269,73500.0
270,1404.0
271,1150000.0
272,863.13
273,114000.0
274,244300.0
275,630000.0
276,568070.0
277,19500.0
278,1300.0
279,290600.0
280,369792.0
281,6823377.5
282,6800.0
283,1102000.0
284,366000.0
285,298210.0
286,236000.0
287,12300000.0
288,540000.0
289,120650.0
290,18727820.0
291,63900.0
292,575000.0
293,144023.75
294,3649.6
295,135641.0
296,423000.0
297,176000.0
298,131400.0
299,429269.0
300,1600.0
301,85560.0
302,51000.0
303,213440.0
304,55226.0
305,325000.0
306,5100.0
307,243660.0
308,231930.0
309,1408580.0
310,440000.0
311,1352113.0
312,58500.0
313,3157.5
314,412500.0
315,48345.0
316,111100.0
317,4444.0
318,188265.0
319,151030.0
320,952300.0
321,2160000.0
322,56000.0
323,27950.0
324,233280.0
325,56330.0
326,175275.0
327,146120.0
328,221252.0
329,276000.0
330,337600.0
331,68496.4
332,1044471.75
333,7545647.0
334,205301.67
335,48400.0
336,189500.0
337,528500.0
338,1397503.0
339,72900.0
340,155100.0
341,3033178.5
342,1733.5
343,158400.0
344,376490.0
345,456000.0
346,56286.66
347,261200.0
348,41000.0
349,52937.0
350,4920000.0
351,16110.0
352,201500.0
353,170500.0
354,271500.0
355,240965.0
356,292150.0
357,14265.0
358,1345.0
359,167143.2
360,32821.0
361,4642195.5
362,878250.0
363,453000.0
364,308150.0
365,80200.0
366,3272.6
367,3150.0
368,242215.0
369,356000.0
370,7668030.0
371,313072.25
372,438000.0
373,201629.6
374,233280.0
375,134250.0
376,139500.0
377,18727820.0
378,120000.0
379,165500.0
380,1326733.9
381,45500.0
382,188410.0
383,41956.25
384,2807592.2
385,52937.0
386,338411.5
387,1599.75
388,305000.0
389,63255.0
390,27018.75
391,127500.0
392,83800.0
393,16500000.0
394,299364.0
395,119400.0
396,94010.0
397,661690.0
398,496000.0
399,9785.0
400,71575.0
401,18390432.0
402,301000.0
403,87000.0
404,24175.0
405,110400.0
406,190839.69
407,171200.0
408,107000.0
409,9309575.0
410,492530.0
411,119923.0
412,205600.0
413,2750.0
414,9384.8
415,269000.0
416,554000.0
417,164400.0
418,19710.0
419,139900.0
420,8900000.0
421,43000.0
422,50850.0
423,6500.0
424,304480.0
425,129500.0
426,25.92
427,908800.0
428,155520.0
429,60.0
430,141000.0
431,12250000.0
432,168000.0
433,205659.86
434,16723.6
435,340300.0
436,365700.0
437,121600.0
438,161560.0
439,250.0
440,413361.44
441,189500.0
442,609800.0
443,37160.77
444,7100439.0
445,793076.0
446,7047.2
447,425429.4
448,155.0
449,165900.0
450,36519.4
451,147000.0
452,504000.0
453,123500.0
454,8781294.0
455,111900.0
456,61800.0
457,218000.0
458,38312.9
459,4200.0
460,87000.0
461,158160.0
462,391100.0
463,589750.0
464,167300.0
465,533783.75
466,146120.0
467,233854.0
468,206520.0
469,619450.0
470,30000.0
471,435000.0
472,831000.0
473,102540.0
474,190146.0
475,118386.0
476,141762.19
477,103050.0
478,442850.0
479,2113020.0
480,98825.0
481,584000.0
482,195100.0
483,478500.0
484,10000000.0
485,242300.0
486,43600.0
487,278700.0
488,441850.0
489,155056.0
490,378100.0
491,14850.0
492,350133.0
493,111486.0
494,338411.5
495,304800.0
496,330800.0
497,432000.0
498,538500.0
499,67879.6
500,12933628.0
501,77900.0
502,24200.0
503,1789200.0
504,120650.0
505,286000.0
506,82490.0
507,106350.0
508,474500.0
509,54158.6
510,492435.0
511,136690.0
512,254850.0
513,7656.5
514,5800000.0
515,4031.55
516,755000.0
517,1450000.0
518,149168.0
519,330700.0
520,7710000.0
521,338000.0
522,6900.0
523,1175130.9
524,114900.0
525,1480000.0
526,333870.0
527,130800.0
528,1249150.0
529,427000.0
530,520000.0
531,131500.0
532,46086.0
533,267952.0
534,620050.0
535,1268000.0
536,532600.0
537,775200.0
538,2794049.0
539,579.0
540,25360.0
541,151150.0
542,65444.0
543,230250.0
544,50923.0
545,278700.0
546,25000.0
547,281500.0
548,261000.0
549,33100.0
550,158400.0
551,59000.0
552,299999.0
553,69420.0
554,18793.12
555,359200.0
556,141000.0
557,438400.0
558,7987780.0
559,625350.0
560,133367.0
561,81650.0
562,1432500.0
563,433000.0
564,14785000.0
565,209950.0
566,106200.0
567,165000.0
568,340000.0
569,390000.0
570,154600.0
571,40619.5
572,206520.0
573,224600.0
574,1365000.0
575,69850.0
576,484443.0
577,28100.0
578,4502574.0
579,321080.0
580,272417.8
581,172250.0
582,185048.0
583,183620.0
584,488000.0
585,4740.0
586,174800.0
587,250450.0
588,298000.0
589,1360000.0
590,135010.0
591,31824.0
592,1862000.0
593,789106.1
594,5536.0
595,127028.16
596,83695.0
597,236500.0
598,67609.0
599,776910.0
600,142830.0
601,450000.0
602,51034.0
603,27828.0
604,426350.0
605,34925.0
606,11701.0
607,3000000.0
608,26257.0
609,16900.0
610,527700.0
611,127140.0
612,107100.0
613,4920000.0
614,34300000.0
615,88539.0
616,77500.0
617,583828.0
618,3153.42
619,5300.0
620,640000.0
621,13465398.0
622,429050.0
623,93000.0
624,242250.0
625,490000.0
626,375300.0
627,170355.0
628,2517250.0
629,442000.0
630,453500.0
631,343825.0
632,211000.0
633,5086.1
634,84410.0
635,6560.0
636,212000.0
637,5570.0
638,205000.0
639,201629.6
640,570150.0
641,10306.56
642,175270.0
643,50000.0
644,36865.8
645,404000.0
646,105710.0
647,433100.0
648,4300.0
649,361000.0
650,27360.0
651,160735.0
652,317000.0
653,1095000.0
654,164706.0
655,14785000.0
656,1960800.0
657,2330.0
658,472500.0
659,21244.45
660,87515.0
661,154500.0
662,13271.65
663,55500.0
664,6000146.0
665,484366.0
666,359300.0
667,121500.0
668,88889.65
669,130150.0
670,766500.0
671,215150.0
672,9360.0
673,146660.0
674,16319.0
675,179400.0
676,298210.0
677,5122003.0
678,120900.0
679,242300.0
680,283050.0
681,408332.0
682,281100.0
683,9000000.0
684,252250.0
685,230500.0
686,86000.0
687,102500.0
688,14970000.0
689,359950.0
690,413699.97
691,134187.0
692,794903.0
693,18855.0
694,175884.0
695,227700.0
696,11822250.0
697,855000.0
698,8052853.0
699,202000.0
700,1007200.0
701,53000.0
702,16496.0
703,313500.0
704,460000.0
705,67000.0
706,1065.4
707,187490.0
708,32285.0
709,161000.0
710,275000.0
711,213500.0
712,155500.0
713,102300.0
714,54158.6
715,205700.0
716,6935.0
717,11300000.0
718,831000.0
719,282165.0
720,141950.0
721,1914082.1
722,420700.0
723,386000.0
724,238690.0
725,77693.0
726,43010.0
727,488000.0
728,64400.0
729,802935.0
730,48000.0
731,49400.0
732,467235.5
733,186350.0
734,236200.0
735,110000.0
736,271000.0
737,41801.0
738,325688.0
739,15148.0
740,359000.0
741,79000.0
742,219000.0
743,8812800.0
744,2500.0
745,314465.0
746,7843399.5
747,70500.0
748,232952.0
749,947000.0
750,433100.0
751,21382.1
752,4650000.0
753,296021.0
754,467235.5
755,14100.0
756,206800.0
757,389000.0
758,50321.0
759,343700.0
760,24500.0
761,41000.0
762,816.0
763,312000.0
764,359300.0
765,660000.0
766,7140000.0
767,263885.0
768,24400.0
769,135515.0
770,37500.0
771,263885.0
772,168500.0
773,926900.0
774,760000.0
775,2000.0
776,342000.0
777,878000.0
778,106200.0
779,275000.0
780,232500.0
781,337000.0
782,228870.0
783,224596.0
784,73710.0
785,339842.75
786,575300.0
787,218800.0
788,236000.0
789,28840.0
790,438650.0
791,82950.0
792,2232.0
793,6117253.0
794,230250.0
795,389301.0
796,68820.0
797,2650000.0
798,9500.0
799,238000.0
800,3848.1
801,16531.93
802,8160.0
803,185498.8
804,635500.0
805,2062755.0
806,116000.0
807,552280.0
808,610000.0
809,388500.0
810,116440.0
811,69835.5
812,34855.0
813,577900.0
814,636400.0
815,135700.0
816,247250.0
817,304000.0
818,3226000.0
819,333696.0
820,1733.5
821,113700.0
822,72123.0
823,14970000.0
824,3923507.0
825,404800.0
826,208.0
827,74630.0
828,20300000.0
829,201500.0
830,405208.0
831,190000.0
832,76800.0
833,181500.0
834,1710000.0
835,88152.0
836,209500.0
837,100000.0
838,306741.0
839,193110.0
840,2762756.8
841,348000.0
842,428000.0
843,1089960.0
844,839321.0
845,7200000.0
846,137500.0
847,237300.0
848,309500.0
849,325600.0
850,17846.0
851,620760.0
852,232500.0
853,502850.0
854,50225.0
855,334210.0
856,60990.0
857,99750.0
858,222000.0
859,35700.0
860,522000.0
861,343062.2
862,288750.0
863,660900.0
864,66500.0
865,163500.0
866,58600.0
867,11538.6
868,9549.0
869,123300.0
870,92700.0
871,397000.0
872,366000.0
873,3480.0
874,5685.0
875,39457000.0
876,2008588.9
877,11822250.0
878,167143.2
879,437870.0
880,162800.0
881,140000.0
882,2040.0
883,373950.0
884,2133998.0
885,1095000.0
886,415095.0
887,339404.6
888,78200.0
889,452300.0
890,45000.0
891,196000.0
892,205600.0
893,91000000.0
894,16632.0
895,927000.0
896,570150.0
897,228800.0
898,104250.0
899,568000.0
900,750000.0
901,824000.0
902,312500.0
903,107100.0
904,985000.0
905,404900.0
906,2630000.0
907,2825000.0
908,53062.58
909,232831.0
910,266500.0
911,29510.4
912,651250.94
913,48302.54
914,625650.0
915,197164.73
916,272154.97
917,13900000.0
918,2750.0
919,231000.0
920,289800.0
921,49400.0
922,177250.0
923,228000.0
924,330700.0
925,499500.0
926,96494.4
927,1072.0
928,250600.0
929,38395.0
930,100965.0
931,132750.0
932,7450.0
933,272417.8
934,36519.4
935,77800.0
936,291000.0
937,831000.0
938,185000.0
939,905000.0
940,215200.0
941,513000.0
942,492435.0
943,57500.0
944,346500.0
945,21296.0
946,144400.0
947,473000.0
948,142900.0
949,67375.0
950,218800.0
951,81900.0
952,9518046.0
953,217800.0
954,166240.0
955,277000.0
956,2794049.0
957,63000000.0
958,5005.0
959,197164.73
960,204050.0
961,15500.0
962,159500.0
963,255700.0
964,269000.0
965,116973.0
966,276750.0
967,418.45
968,316700.0
969,47500.0
970,301150.0
971,10300000.0
972,215150.0
973,83800.0
974,802935.0
975,216000.0
976,155880.0
977,2212.5
978,203000.0
979,1470000.0
980,224100.0
981,554000.0
982,472500.0
983,128465.0
984,107500.0
985,101100.0
986,303000.0
987,148000.0
988,6400.0
989,242250.0
990,428300.0
991,23000.0
992,2840.0
993,350.0
994,411250.0
995,183300.0
996,282078.0
997,177250.0
998,466950.0
999,76000.0
1000,44590.0
1001,6650.0
1002,481705.0
1003,425429.4
1004,213300.0
1005,167300.0
1006,2726400.0
1007,342600.0
1008,6149705.0
1009,70121.0
1010,135400.0
1011,158000.0
1012,525691.0
1013,834425.0
1014,215880.0
1015,16080.0
1016,525691.0
1017,94000.0
1018,215610.0
1019,114666.28
1020,86125.5
1021,158161.12
1022,140790.0
1023,331700.0
1024,310181.0
1025,199000.0
1026,1216000.0
1027,935000.0
1028,4460779.0
1029,18390432.0
1030,1820000.0
1031,655500.0
1032,58176.0
1033,343062.2
1034,43210.0
1035,74150.0
1036,84000.0
1037,47180.0
1038,359950.0
1039,20009.0
1040,334680.0
1041,267950.0
1042,19914.4
1043,137750.0
1044,164706.0
1045,179900.0
1046,8000.0
1047,120451.0
1048,3031.6
1049,2640000.0
1050,816800.0
1051,83463.0
1052,256700.0
1053,10200.0
1054,8500.0
1055,1400.0
1056,219000.0
1057,117900.0
1058,173000.0
1059,178948.0
1060,274850.0
1061,3893.08
1062,205500.0
1063,640000.0
1064,134147.25
1065,92050.0
1066,92050.0
1067,40619.5
1068,1760000.0
1069,307650.0
1070,489555.0
1071,5056.5
1072,718300.0
1073,475000.0
1074,100.0
1075,181990.0
1076,676000.0
1077,406750.0
1078,329837.0
1079,450600.0
1080,476090.0
1081,187050.0
1082,24600.0
1083,2130.0
1084,2051.5
1085,156450.0
1086,496000.0
1087,951700.0
1088,8800.0
1089,99010.0
1090,88000.0
1091,86.0
1092,400000.0
1093,629650.0
1094,520.0
1095,185000.0
1096,2103.0
1097,622000.0
1098,158728992.0
1099,4300.0
1100,1230000.0
1101,320550.0
1102,6796875.0
1103,705000.0
1104,1149000.0
1105,3130.0
1106,76476.0
1107,632500.0
1108,970000.0
1109,412500.0
1110,218140.0
1111,402800.0
1112,212570.0
1113,19026.56
1114,113852.75
1115,388900.0
1116,883000.0
1117,96100.0
1118,431800.0
1119,77702.0
1120,375300.0
1121,879448.4
1122,209600.0
1123,287500.0
1124,3500000.0
1125,505.0
1126,189900.0
1127,99010.0
1128,192440.0
1129,88200.0
1130,261360.0
1131,4323691.5
1132,9309575.0
1133,287000.0
1134,3856000.0
1135,6000146.0
1136,994825.0
1137,407000.0
1138,7262390.0
1139,158161.12
1140,427300.0
1141,195000.0
1142,1790000.0
1143,870000.0
1144,1018500.0
1145,4310.0
1146,2444.3
1147,266000.0
1148,271028.0
1149,58698.5
1150,1296000.0
1151,50.0
1152,414000.0
1153,368100.0
1154,23450.0
1155,1105000.0
1156,225014.0
1157,2746.0
1158,1310000.0
1159,98150.0
1160,249250.0
1161,686000.0
1162,20839380.0
1163,11508.8
1164,186450.0
1165,57200.0
1166,329766.0
1167,13750.0
1168,85656.0
1169,244000.0
1170,1355000.0
1171,1398778.8
1172,516900.0
1173,198000.0
1174,495000.0
1175,155880.0
1176,32821.0
1177,202900.0
1178,127001.0
1179,270000.0
1180,270212.0
1181,19230.0
1182,1010077.0
1183,361000.0
1184,15350.0
1185,676860.0
1186,179000.0
1187,84920.0
1188,161100.0
1189,43735.0
1190,1165000.0
1191,1891243.8
1192,625650.0
1193,132460.0
1194,537300.0
1195,5685.0
1196,24000.0
1197,365550.0
1198,6667965.0
1199,1250100.0
1200,118800.0
1201,377900.0
1202,290900.0
1203,77702.0
1204,301100.0
1205,265400.0
1206,1100.0
1207,252000.0
1208,69420.0
1209,238000.0
1210,723150.0
1211,350133.0
1212,6584.3
1213,4296000.0
1214,9309575.0
1215,115850.0
1216,233000.0
1217,82775.0
1218,373000.0
1219,43535.0
1220,619450.0
1221,106000.0
1222,480000.0
1223,256000.0
1224,275400.0
1225,4655479.0
1226,4460779.0
1227,6900000.0
1228,192000.0
1229,118750.0
1230,57200.0
1231,471000.0
1232,180198.0
1233,10799217.0
1234,25551.72
1235,179400.0
1236,8069.4
1237,19300.0
1238,106515.0
1239,2940000.0
1240,3272.6
1241,44500.0
1242,196000.0
1243,26500.0
1244,127001.0
1245,55226.0
1246,3000000.0
1247,63000000.0
1248,187250.0
1249,243660.0
1250,357000.0
1251,185500.0
1252,29950.0
1253,523310.0
1254,2371700.0
1255,3456870.5
1256,538500.0
1257,380700.0
1258,326890.0
1259,430212.0
1260,272417.8
1261,25900.0
1262,63650.0
1263,2825000.0
1264,3649.6
1265,2700000.0
1266,558950.0
1267,12750.0
1268,7545647.0
1269,354937.0
1270,622000.0
1271,124030.0
1272,94010.0
1273,42882.24
1274,2130.0
1275,219000.0
1276,15900.0
1277,494970.0
1278,1018500.0
1279,9262.5
1280,348150.0
1281,3480.0
1282,134250.0
1283,199630.0
1284,593550.0
1285,6649.0
1286,19827.0
1287,1120000.0
1288,213300.0
1289,223100.0
1290,110000.0
1291,1250100.0
1292,224600.0
1293,506000.0
1294,234100.0
1295,267900.0
1296,180.0
1297,28840.0
1298,45150.0
1299,244750.0
1300,560000.0
1301,790474.0
1302,825000.0
1303,382781.0
1304,342900.0
1305,437870.0
1306,253560.0
1307,6650.0
1308,416050.0
1309,1296000.0
1310,414000.0
1311,49000.0
1312,334500.0
1313,205600.0
1314,267952.0
1315,22700.0
1316,336299.0
1317,282000.0
1318,1686363.6
1319,221000.0
1320,32785.0
1321,145865.0
1322,343062.2
1323,31000.0
1324,9582.0
1325,189620.0
1326,142020.77
1327,7300.0
1328,2500000.0
1329,117000.0
1330,478500.0
1331,332565.0
1332,318000.0
1333,264150.0
1334,136965.0
1335,99518.0
1336,262000.0
1337,479610.0
1338,506000.0
1339,879448.4
1340,68877.9
1341,104762.0
1342,828370.0
1343,18350.0
1344,679000.0
1345,14785000.0
1346,137987.5
1347,18800.0
1348,27655.21
1349,427300.0
1350,141340.0
1351,399900.0
1352,1528000.0
1353,57039.6
1354,651250.94
1355,5250.0
1356,52000.0
1357,1226250.0
1358,438650.0
1359,527000.0
1360,2580000.0
1361,310377.0
1362,407000.0
1363,375200.0
1364,88393.0
1365,85560.0
1366,3879807.0
1367,39169.96
1368,130000.0
1369,577900.0
1370,177500.0
1371,388869.0
1372,227700.0
1373,2299.0
1374,225939.0
1375,92050.0
1376,3350150.8
1377,6040736.0
1378,388000.0
1379,84920.0
1380,576980.0
1381,32821.0
1382,227500.0
1383,29295.0
1384,265580.0
1385,98825.0
1386,146660.0
1387,113207.0
1388,80250.0
1389,145496.0
1390,169600.0
1391,224596.0
1392,133000.0
1393,248400.0
1394,21169.0
1395,5853.0
1396,44590.0
1397,60.0
1398,17688.65
1399,46534.6
1400,143710.0
1401,11376.0
1402,223140.0
1403,13629697.0
1404,27870.0
1405,151200.0
1406,185800.0
1407,452300.0
1408,41666.67
1409,1054000.0
1410,261424.0
1411,12924488.0
1412,883000.0
1413,190765.88
1414,298700.0
1415,52937.0
1416,7300.0
1417,304500.0
1418,151030.0
1419,309750.0
1420,1072.0
1421,323200.0
1422,355000.0
1423,119923.0
1424,99010.0
1425,14265.0
1426,11538.6
1427,125360.0
1428,236550.0
1429,341700.0
1430,32785.0
1431,9600.0
1432,840.0
1433,187000.0
1434,13900000.0
1435,1601200.0
1436,222000.0
1437,351700.0
1438,276000.0
1439,193600.0
1440,180350.0
1441,913750.0
1442,140790.0
1443,7350.0
1444,29510.4
1445,7262390.0
1446,22000.0
1447,286400.0
1448,12077.0
1449,401242.4
1450,68500.0
1451,11538.6
1452,364000.0
1453,820000.0
1454,80720.0
1455,36000.0
1456,638552.0
1457,2288.11
1458,612750.0
1459,189900.0
1460,304000.0
1461,591900.0
1462,780.0
1463,433100.0
1464,103270.0
1465,70850.0
1466,323520.0
1467,927250.0
1468,27828.0
1469,149000.0
1470,80600.0
1471,263000.0
1472,169500.0
1473,588500.0
1474,125360.0
1475,595230.0
1476,1591.28
1477,17389.0
1478,15811.2
1479,14585994.0
1480,2.0
1481,5228.0
1482,473000.0
1483,219650.0
1484,12975.0
1485,479760.0
1486,242500.0
1487,206520.0
1488,498550.0
1489,527100.0
1490,72123.0
1491,250850.0
1492,1065000.0
1493,57000.0
1494,193110.0
1495,41720.5
1496,12300000.0
1497,171400.0
1498,8160.0
1499,648.0
1500,10226000.0
1501,231500.0
1502,422000.0
1503,144491.72
1504,15181.0
1505,499500.0
1506,39640.0
1507,674016.0
1508,13271.65
1509,123270.0
1510,193600.0
1511,5320.0
1512,1591.28
1513,5056.5
1514,8435.7
1515,36100.0
1516,217500.0
1517,135515.0
1518,972000.0
1519,127028.16
1520,2136379.0
1521,420700.0
1522,100560.0
1523,136690.0
1524,7228.0
1525,32000000.0
1526,117997.0
1527,186510.0
1528,2552.31
1529,19827.0
1530,389296.0
1531,217550.0
1532,863.13
1533,333000.0
1534,7656.5
1535,270400.0
1536,1760000.0
1537,212300.0
1538,1112700.0
1539,128280.0
1540,519700.0
1541,12828.0
1542,515000.0
1543,91500.0
1544,29735.0
1545,135500.0
1546,6069.0
1547,7931.0
1548,50900.0
1549,278650.0
1550,352000.0
1551,5450490.0
1552,625000.0
1553,527100.0
1554,14501.25
1555,29510.4
1556,466870.0
1557,243180.0
1558,371000.0
1559,1268000.0
1560,235850.0
1561,236000.0
1562,115100.0
1563,188100.0
1564,489000.0
1565,235850.0
1566,117500.0
1567,9600.0
1568,340275.0
1569,9309575.0
1570,694300.0
1571,42000.0
1572,44000.0
1573,520000.0
1574,244000.0
1575,93000.0
1576,168500.0
1577,238690.0
1578,254000.0
1579,298700.0
1580,33517.0
1581,24400.0
1582,298014.5
1583,175275.0
1584,171678.0
1585,2.0
1586,170000.0
1587,540000.0
1588,312145.0
1589,240000.0
1590,223100.0
1591,225014.0
1592,2220000.0
1593,58600.0
1594,199500.0
1595,393500.0
1596,43150.0
1597,1700.0
1598,2206438.0
1599,197980.0
1600,2880.0
1601,593000.0
1602,32000.0
1603,4500.0
1604,616207.1
1605,173900.0
1606,553000.0
1607,1180000.0
1608,206520.0
1609,204100.0
1610,113852.75
1611,9888.32
1612,674016.0
1613,80999.0
1614,2646000.0
1615,29400.0
1616,177459.0
1617,2062755.0
1618,7700.0
1619,45130.0
1620,365000.0
1621,39000.0
1622,426350.0
1623,465000.0
1624,150275.0
1625,70010.0
1626,173001.0
1627,1149000.0
1628,87093.0
1629,15100.0
1630,665000.0
1631,175626.0
1632,416050.0
1633,5071.8
1634,197980.0
1635,46534.6
1636,1600.0
1637,142830.0
1638,16512.48
1639,287790.0
1640,18869.1
1641,187500.0
1642,227349.88
1643,263000.0
1644,9597713.0
1645,258160.0
1646,14231.0
1647,166240.0
1648,388869.0
1649,59500.0
1650,4179.0
1651,5228.0
1652,157900.0
1653,690000.0
1654,406750.0
1655,298150.0
1656,280.0
1657,418650.0
1658,418.45
1659,81900.0
1660,800000.0
1661,1020.83
1662,214000.0
1663,425429.4
1664,369800.0
1665,402000.0
1666,456000.0
1667,32050.0
1668,199456.0
1669,134200.0
1670,226415.0
1671,182700.0
1672,691435.75
1673,12250.0
1674,221816.6
1675,180579.0
1676,139790.0
1677,1891243.8
1678,17846.0
1679,147450.0
1680,8160.0
1681,907000.0
1682,9000.0
1683,1475000.0
1684,431800.0
1685,16600.0
1686,2541.6
1687,1420000.0
1688,255783.42
1689,267286.0
1690,564000.0
1691,24600.0
1692,220266.66
1693,831000.0
1694,502000.0
1695,345599.0
1696,473000.0
1697,178200.0
1698,510.0
1699,86855.0
1700,2800.0
1701,790000.0
1702,192000.0
1703,1408754.5
1704,56000.0
1705,42035.0
1706,118500.0
1707,87550.0
1708,167400.0
1709,181493.0
1710,14216136.0
1711,2038.0
1712,163000.0
1713,466666.66
1714,1924.0
1715,149500.0
1716,953000.0
1717,42035.0
1718,86125.5
1719,186450.0
1720,235600.0
1721,16740.0
1722,110000.0
1723,309000.0
1724,598000.0
1725,141950.0
1726,213800.0
1727,184830.0
1728,164000.0
1729,8950.0
1730,145000.0
1731,445000.0
1732,191300.0
1733,125630.4
1734,1006492.3
1735,221252.0
1736,11670.0
1737,1020000.0
1738,94050.0
1739,8820.0
1740,133250.0
1741,116000.4
1742,930000.0
1743,65500.0
1744,169612.0
1745,165770.0
1746,659000.0
1747,347130.0
1748,10500.0
1749,89500.0
1750,4851.6
1751,52500.0
1752,555000.0
1753,12240000.0
1754,10500.0
1755,99750.0
1756,6500000.0
1757,100000.0
1758,4224100.0
1759,24775.9
1760,397000.0
1761,3534000.0
1762,47610.0
1763,15140.0
1764,175270.0
1765,2300.0
1766,1250.0
1767,558950.0
1768,291525.0
1769,417000.0
1770,953000.0
1771,165750.0
1772,7450000.0
1773,194250.0
1774,79900.0
1775,292500.0
1776,25000.0
1777,30000.0
1778,239200.0
1779,173001.0
1780,40797.0
1781,1056.0
1782,163800.0
1783,332565.0
1784,35400.0
1785,58176.0
1786,30553.0
1787,12924488.0
1788,565150.0
1789,1560000.0
1790,72500.0
1791,6800.0
1792,1059000.0
1793,289900.0
1794,12396000.0
1795,58000.0
1796,252250.0
1797,237300.0
1798,424000.0
1799,442100.0
1800,131400.0
1801,112715.0
1802,172800.0
1803,67000.0
1804,32000.0
1805,187000.0
1806,34600.0
1807,740000.0
1808,16255.0
1809,415540.0
1810,180198.0
1811,269120.0
1812,101857.2
1813,15509.13
1814,46950.0
1815,248100.0
1816,97500.0
1817,29500.0
1818,4740.0
1819,5071.8
1820,705000.0
1821,3285205.2
1822,3856000.0
1823,105710.0
1824,133.0
1825,18500000.0
1826,32234568.0
1827,203200.0
1828,405130.0
1829,810000.0
1830,256757.0
1831,181500.0
1832,9500.0
1833,180.0
1834,129990.0
1835,496000.0
1836,106573.78
1837,278550.0
1838,71104.0
1839,165266.0
1840,199850.0
1841,2399660.2
1842,15000.0
1843,11538.6
1844,129910.0
1845,366050.0
1846,10536.0
1847,61750.0
1848,241385.0
1849,72720.0
1850,428000.0
1851,405130.0
1852,70121.0
1853,55555.0
1854,12800.0
1855,213500.0
1856,202000.0
1857,32211.0
1858,179400.0
1859,4667.0
1860,1653500.0
1861,104500.0
1862,252830.0
1863,850000.0
1864,272000.0
1865,130000.0
1866,63500.0
1867,285000.0
1868,3100.0
1869,9888.0
1870,48500.0
1871,170500.0
1872,183180.0
1873,228000.0
1874,4296000.0
1875,147188.0
1876,227898.0
1877,1960800.0
1878,375333.0
1879,176000.0
1880,264150.0
1881,5800.0
1882,2746.0
1883,34925.0
1884,47493.6
1885,492530.0
1886,10150.0
1887,927000.0
1888,295000.0
1889,309950.0
1890,76560.0
1891,111486.0
1892,42002.72
1893,2800.0
1894,157650.0
1895,429269.0
1896,500050.0
1897,250900.0
1898,41958.0
1899,64032852.0
1900,369000.0
1901,211510.0
1902,128465.0
1903,1367313.0
1904,209575.0
1905,74951.58
1906,50225.0
1907,1600000.0
1908,238690.0
1909,393500.0
1910,6250000.0
1911,125630.4
1912,840000.0
1913,77250.0
1914,500050.0
1915,165900.0
1916,830000.0
1917,6500.0
1918,160700.0
1919,39169.96
1920,7913.0
1921,197164.73
1922,77000.0
1923,5650.0
1924,121866.0
1925,307732.72
1926,1345.0
1927,72260.07
1928,815000.0
1929,258500.0
1930,221000.0
1931,126500.0
1932,7392.0
1933,7200.0
1934,97000.0
1935,693600.0
1936,1997325.0
1937,523810.0
1938,570.0
1939,5730.0
1940,18727820.0
1941,280920.0
1942,7300.0
1943,176500.0
1944,425490.0
1945,94000.0
1946,859980.0
1947,1056000.0
1948,8868.0
1949,863.13
1950,3923507.0
1951,2679868.8
1952,4760.0
1953,302000.0
1954,1100.0
1955,100602.2
1956,1300000.0
1957,615000.0
1958,271500.0
1959,164100.0
1960,274500.0
1961,700.0
1962,16591000.0
1963,25052.0
1964,278550.0
1965,663700.0
1966,171200.0
1967,331700.0
1968,104000.0
1969,112657.5
1970,13988167.0
1971,144125.0
1972,120325.0
1973,190839.69
1974,185498.8
1975,220800.0
1976,635800.0
1977,203150.0
1978,153010.0
1979,418970.0
1980,222000.0
1981,264000.0
1982,250280.0
1983,1599.75
1984,648000.0
1985,21815.0
1986,54500.0
1987,532000.0
1988,383810.0
1989,10227.0
1990,254900.0
1991,450600.0
1992,50000.0
1993,233280.0
1994,86500.0
1995,27360650.0
1996,100.0
1997,300.0
1998,1733.5
1999,158160.0
2000,26318.4
2001,2005000.0
2002,26600.0
2003,57000.0
2004,414000.0
2005,143710.0
2006,88152.0
2007,516900.0
2008,51239.4
2009,292150.0
2010,156500.0
2011,416050.0
2012,722000.0
2013,92800.0
2014,262000.0
2015,35000.0
2016,4313556.0
2017,2762756.8
2018,16000000.0
2019,47493.6
2020,76117.5
2021,407700.0
2022,145500.0
2023,4620000.0
2024,112470.0
2025,42000.0
2026,329837.0
2027,41500.0
2028,2444.3
2029,220000.0
2030,92655.0
2031,58600.0
2032,16678.0
2033,39609304.0
2034,730750.0
2035,184550.0
2036,716657.0
2037,2016.66
2038,45070.0
2039,193000.0
2040,12183270.0
2041,179850.0
2042,19287620.0
2043,11539.5
2044,207500.0
2045,1065.4
2046,550400.0
2047,478700.0
2048,649500.0
2049,1083000.0
2050,115500.0
2051,144400.0
2052,381850.0
2053,2299.0
2054,59000.0
2055,69500.0
2056,278280.0
2057,1800.0
2058,721.2
2059,82000.0
2060,75000.0
2061,11508.8
2062,458400.0
2063,9000.0
2064,83555.0
2065,149519.52
2066,2399660.2
2067,31236.0
2068,895000.0
2069,377000.0
2070,466500.0
2071,307527.12
2072,13540.7
2073,70121.0
2074,178050.0
2075,816800.0
2076,131400.0
2077,299500.0
2078,189500.0
2079,4575000.0
2080,603000.0
2081,7436.0
2082,138.0
2083,181990.0
2084,70000000.0
2085,164706.0
2086,3939.6
2087,249250.0
2088,153300.0
2089,348142.0
2090,217550.0
2091,12300000.0
2092,167400.0
2093,16319.0
2094,1500.0
2095,238690.0
2096,138.0
2097,186610.31
2098,5100.0
2099,139800.0
2100,290900.0
2101,29617.5
2102,53500.0
2103,94740.0
2104,269799.0
2105,114356.0
2106,152700.0
2107,96300.0
2108,584000.0
2109,369600.0
2110,610000.0
2111,74650.0
2112,254850.0
2113,264600.0
2114,8930.0
2115,415000.0
2116,26730.0
2117,815000.0
2118,366050.0
2119,10361.0
2120,322000.0
2121,558950.0
2122,5340.0
2123,105710.0
2124,7700000.0
2125,375200.0
2126,54140.5
2127,10227.0
2128,16110.0
2129,135010.0
2130,330740.0
2131,238000.0
2132,70121.0
2133,550400.0
2134,584400.0
2135,309500.0
2136,816400.0
2137,14500.0
2138,62000.0
2139,194250.0
2140,5734.0
2141,116000.0
2142,1180000.0
2143,128.21
2144,591900.0
2145,415540.0
2146,494125.0
2147,14150.0
2148,600000.0
2149,16000000.0
2150,240500.0
2151,792000.0
2152,6065.0
2153,311860.0
2154,529000.0
2155,506000.0
2156,852200.0
2157,5850000.0
2158,228380.0
2159,336000.0
2160,5056.5
2161,629000.0
2162,1300.0
2163,816.0
2164,150670.0
2165,387370.0
2166,107105.0
2167,82490.0
2168,163180.0
2169,710400.0
2170,76560.0
2171,49760.0
2172,80250.0
2173,1700000.0
2174,85560.0
2175,575000.0
2176,283000.0
2177,1134.0
2178,79250.0
2179,306000.0
2180,773000.0
2181,70121.0
2182,373000.0
2183,6040736.0
2184,114666.28
2185,171678.0
2186,442100.0
2187,141340.0
2188,526500.0
2189,62440.0
2190,488760.0
2191,58500.0
2192,8950.0
2193,309750.0
2194,359000.0
2195,207500.0
2196,543500.0
2197,498550.0
2198,1690.0
2199,762000.0
2200,16500.0
2201,603000.0
2202,209575.0
2203,83900.0
2204,11000.0
2205,633000.0
2206,39689.73
2207,33517.0
2208,404900.0
2209,730750.0
2210,376490.0
2211,2525000.0
2212,71216.0
2213,5664.0
2214,642350.0
2215,388200.0
2216,234500.0
2217,28400000.0
2218,63650.0
2219,2476200.0
2220,59000.0
2221,5000.0
2222,252250.0
2223,220613.0
2224,5507000.0
2225,348142.0
2226,154600.0
2227,2683973.5
2228,292000.0
2229,164190.0
2230,495000.0
2231,189325.0
2232,49900.0
2233,2222949.5
2234,430212.0
2235,161490.0
2236,177200.0
2237,662000.0
2238,271250.0
2239,67375.0
2240,83500.0
2241,226800.0
2242,461500.0
2243,13540.7
2244,39080.0
2245,449500.0
2246,8050.0
2247,527700.0
2248,5682618.0
2249,3893.08
2250,338200.0
2251,39689.73
2252,15.0
2253,5122003.0
2254,453000.0
2255,166240.0
2256,3850.0
2257,569000.0
2258,396600.0
2259,505.0
2260,143277.0
2261,193500.0
2262,496850.0
2263,2200000.0
2264,50.0
2265,91200.0
2266,315423.0
2267,133120.0
2268,459400.0
2269,86950.0
2270,161050.0
2271,204100.0
2272,545623.0
2273,1204000.0
2274,3350150.8
2275,472500.0
2276,482000.0
2277,223400.0
2278,92967.0
2279,213440.0
2280,445.0
2281,10227.0
2282,209600.0
2283,24775.9
2284,189000.0
2285,2150000.0
2286,332550.0
2287,281409.0
2288,375300.0
2289,168000.0
2290,2084609.0
2291,13726918.0
2292,226415.0
2293,200.0
2294,260750.0
2295,223000.0
2296,5340.0
2297,19738.0
2298,283050.0
2299,226500.0
2300,255500.0
2301,40619.5
2302,6000.0
2303,149500.0
2304,148300.0
2305,80254.8
2306,568000.0
2307,2299.0
2308,55226.0
2309,67568.0
2310,320805.0
2311,527790.0
2312,255700.0
2313,51239.4
2314,691435.75
2315,162294.78
2316,292150.0
2317,11634.0
2318,64400.0
2319,1072.0
2320,274880.0
2321,199500.0
2322,359000.0
2323,163550.0
2324,14850.0
2325,515400.0
2326,31800.0
2327,1010077.0
2328,35660.0
2329,510000.0
2330,744600.0
2331,219400.0
2332,365000.0
2333,248100.0
2334,32662.0
2335,42836.0
2336,449265.0
2337,636250.0
2338,69300.0
2339,149000.0
2340,229800.0
2341,42800.0
2342,16319.0
2343,1904762.0
2344,461500.0
2345,1175130.9
2346,175270.0
2347,125930.0
2348,3031.6
2349,9582.0
2350,266000.0
2351,92685.0
2352,70850.0
2353,149900.0
2354,216840.0
2355,165300.0
2356,1300000.0
2357,223523.45
2358,153600.0
2359,10799217.0
2360,16600.0
2361,8280000.0
2362,172907.0
2363,3900000.0
2364,181500.0
2365,443500.0
2366,231750.0
2367,326600.0
2368,740200.0
2369,141310.0
2370,6039897.5
2371,218400.0
2372,11670.0
2373,1533164.0
2374,4296000.0
2375,448800.0
2376,5105810.0
2377,71500.0
2378,293500.0
2379,689140.0
2380,288.0
2381,131175.0
2382,51153.0
2383,29510.4
2384,910.0
2385,242300.0
2386,121938.0
2387,499800.0
2388,2206438.0
2389,84045.0
2390,163550.0
2391,558950.0
2392,225939.0
2393,211735.0
2394,137750.0
2395,816.0
2396,1210.0
2397,129990.0
2398,3200.0
2399,134250.0
2400,23000.0
2401,5416.4
2402,6291.0
2403,62750.0
2404,614830.0
2405,156000.0
2406,97594.0
2407,339404.6
2408,323520.0
2409,81780.0
2410,87093.0
2411,62000.0
2412,375000.0
2413,8500.0
2414,334150.0
2415,450600.0
2416,263000.0
2417,525691.0
2418,202900.0
2419,5292.0
2420,213750.0
2421,147720.0
2422,5761.0
2423,136800.0
2424,211000.0
2425,1398778.8
2426,9600.0
2427,6850.0
2428,201880.0
2429,92050.0
2430,428400.0
2431,1210.0
2432,286500.0
2433,8900000.0
2434,227700.0
2435,628000.0
2436,180579.0
2437,204000.0
2438,111900.0
2439,200.0
2440,424650.0
2441,3893.08
2442,569000.0
2443,443900.0
2444,443900.0
2445,55975.28
2446,46870.0
2447,248400.0
2448,7895503.0
2449,436500.0
2450,438400.0
2451,476450.0
2452,7788.0
2453,339704.0
2454,262000.0
2455,261360.0
2456,194900.0
2457,1705320.0
2458,1732404.0
2459,476450.0
2460,528500.0
2461,2590933.0
2462,280.0
2463,332550.0
2464,163000.0
2465,282.7
2466,304900.0
2467,5005.0
2468,636400.0
2469,260030.0
2470,9600.0
2471,105850.0
2472,1180000.0
2473,27870.0
2474,247250.0
2475,135390.0
2476,313283.34
2477,215400.0
2478,16976712.0
2479,64400.0
2480,2800.0
2481,883000.0
2482,86125.5
2483,3800.0
2484,618890.0
2485,466950.0
2486,253700.0
2487,42720.0
2488,385253.0
2489,505000.0
2490,133360.0
2491,219650.0
2492,155520.0
2493,58853.0
2494,103732.0
2495,188265.0
2496,320200.0
2497,603750.0
2498,24200.0
2499,659000.0
2500,543500.0
2501,240965.0
2502,705000.0
2503,92967.0
2504,165300.0
2505,657000.0
2506,131.0
2507,17500.0
2508,17132.1
2509,142560.0
2510,260800.0
2511,12300000.0
2512,214700.0
2513,2113020.0
2514,67609.0
2515,81500.0
2516,205000.0
2517,3033178.5
2518,67800.0
2519,186610.31
2520,376490.0
2521,184100.0
2522,780610.0
2523,339730.0
2524,629000.0
2525,627550.0
2526,80400.0
2527,2679868.8
2528,475000.0
2529,150.0
2530,194600.0
2531,270400.0
2532,79000.0
2533,18390432.0
2534,3686.0
2535,3272.6
2536,143100.0
2537,1032711.6
2538,175500.0
2539,4620000.0
2540,80254.8
2541,31430.0
2542,8594949.0
2543,57000.0
2544,24400000.0
2545,147300.0
2546,9968.0
2547,639.75
2548,1330.0
2549,235600.0
2550,8729.5
2551,436000.0
2552,88440.0
2553,91080.0
2554,7953.3
2555,187775.0
2556,270400.0
2557,73710.0
2558,16723.6
2559,949350.0
2560,314300.0
2561,5540185.0
2562,384000.0
2563,236100.0
2564,183180.0
2565,655000.0
2566,2136379.0
2567,4155.0
2568,192440.0
2569,118340.0
2570,15204.15
2571,299000.0
2572,965.5
2573,1056000.0
2574,47180.0
2575,545623.0
2576,15204.15
2577,1840.0
2578,742500.0
2579,214100.0
2580,117400.0
2581,78300.0
2582,151650.0
2583,108000.0
2584,99900.0
2585,89000.0
2586,19026.56
2587,5682618.0
2588,53000.0
2589,1750000.0
2590,112470.0
2591,109523.0
2592,992921.1
2593,57039.6
2594,81780.0
2595,371000.0
2596,37000000.0
2597,187100.0
2598,449265.0
2599,6182.4
2600,294430.0
2601,541200.0
2602,24350.7
2603,185048.0
2604,571540.0
2605,575300.0
2606,3200.0
2607,208000.0
2608,89000.0
2609,16980000.0
2610,156500.0
2611,543500.0
2612,86125.5
2613,286800.0
2614,212697.84
2615,488000.0
2616,530000.0
2617,2110000.0
2618,176350.0
2619,143223.0
2620,155880.0
2621,133210.0
2622,75000.0
2623,130750.0
2624,15204.15
2625,250850.0
2626,295850.0
2627,8621.2
2628,248400.0
2629,18727820.0
2630,88879.85
2631,1900.0
2632,476450.0
2633,167400.0
2634,56330.0
2635,310377.0
2636,339700.0
2637,117400.0
2638,2100000.0
2639,326890.0
2640,7668030.0
2641,146000.0
2642,392000.0
2643,1064200.0
2644,127300.0
2645,22708.78
2646,1065000.0
2647,584000.0
2648,183010.0
2649,195100.0
2650,684000.0
2651,21382.1
2652,593650.0
2653,54550.0
2654,70000.0
2655,1110000.0
2656,234100.0
2657,260200.0
2658,13510000.0
2659,49000.0
2660,389301.0
2661,261200.0
2662,113700.0
2663,238660.0
2664,379600.0
2665,6234587.0
2666,670000.0
2667,577900.0
2668,1450000.0
2669,171000.0
2670,4900.0
2671,210000.0
2672,1350000.0
2673,97500.0
2674,209500.0
2675,77500.0
2676,16740.0
2677,95000.0
2678,409000.0
2679,1160000.0
2680,715150.0
2681,40441.1
2682,8781294.0
2683,33517.0
2684,52250.0
2685,425490.0
2686,101000.0
2687,182300.0
2688,11538.6
2689,133500.0
2690,600.0
2691,181630.0
2692,362000.0
2693,219500.0
2694,229404.19
2695,217500.0
2696,277500.0
2697,91730.0
2698,104100.0
2699,117050.25
2700,200390.0
2701,358630.0
2702,26500000.0
2703,471300.0
2704,183400.0
2705,7913.0
2706,476450.0
2707,250.0
2708,255700.0
2709,90625.0
2710,259000.0
2711,178495.0
2712,247900.0
2713,3350.0
2714,256700.0
2715,200220.0
2716,500050.0
2717,96100.0
2718,47493.6
2719,2770575.0
2720,367800.0
2721,175269.0
2722,663700.0
2723,313283.34
2724,3755522.0
2725,106200.0
2726,121866.0
2727,816.0
2728,18600.0
2729,258180.0
2730,570.0
2731,1475000.0
2732,3800000.0
2733,135500.0
2734,1105000.0
2735,183500.0
2736,3124450.0
2737,7262390.0
2738,271062.0
2739,434700.0
2740,19827.0
2741,1035.25
2742,5105810.0
2743,1380000.0
2744,34078.0
2745,59245.0
2746,52250.0
2747,21085.0
2748,223360.0
2749,47840.0
2750,128980.0
2751,31626406.0
2752,263000.0
2753,417600.0
2754,23500.0
2755,474312.0
2756,192000.0
2757,233520.0
2758,4310.0
2759,15148.0
2760,214000.0
2761,125941.0
2762,219400.0
2763,252250.0
2764,8300000.0
2765,53928.0
2766,208000.0
2767,2137500.0
2768,1148510.0
2769,2110000.0
2770,69835.5
2771,121938.0
2772,184000.0
2773,388200.0
2774,24000.0
2775,315423.0
2776,108620.0
2777,150000.0
2778,285000.0
2779,29295.0
2780,1000.0
2781,67568.0
2782,263885.0
2783,14901.6
2784,11300000.0
2785,47900.0
2786,33100.0
2787,99010.0
2788,46950.0
2789,241150.0
2790,50300.0
2791,302100.0
2792,2762756.8
2793,1239500.0
2794,71216.0
2795,205301.67
2796,24280.0
2797,282203.0
2798,307527.12
2799,167000.0
2800,123200.0
2801,229404.19
2802,359000.0
2803,124030.0
2804,116400.0
2805,609800.0
2806,25900.0
2807,59700.0
2808,158161.12
2809,10800.0
2810,85500.0
2811,707547.0
2812,61800.0
2813,69835.5
2814,46447.8
2815,225480.0
2816,149000.0
2817,72900.0
2818,757000.0
2819,73750.0
2820,180198.0
2821,61170.12
2822,377580.0
2823,127200.0
2824,121000.0
2825,4670.0
2826,3157.5
2827,46000.0
2828,342600.0
2829,384000.0
2830,7659.4
2831,117500.0
2832,464600.0
2833,253500.0
2834,119000.0
2835,217800.0
2836,213440.0
2837,1440339.8
2838,1355000.0
2839,5853.0
2840,323900.0
2841,661690.0
2842,132460.0
2843,691435.75
2844,21728544.0
2845,127200.0
2846,499500.0
2847,210175.0
2848,26650.0
2849,115500.0
2850,299339.5
2851,207815.0
2852,50900.0
2853,425815.0
2854,407700.0
2855,342500.0
2856,884000.0
2857,241000.0
2858,90327.6
2859,1404.0
2860,439276.38
2861,26650.0
2862,46950.0
2863,27192.0
2864,632500.0
2865,758000.0
2866,6710000.0
2867,77400.0
2868,228870.0
2869,170.5
2870,1672660.0
2871,7763422.5
2872,187500.0
2873,360000.0
2874,48000000.0
2875,173800.0
2876,35168.5
2877,2683973.5
2878,541000.0
2879,567500.0
2880,241422.0
2881,2500000.0
2882,19919.0
2883,198500.0
2884,22581000.0
2885,404800.0
2886,19279.0
2887,200000.0
2888,90000.0
2889,244200.0
2890,13510000.0
2891,320300.0
2892,446760.0
2893,633000.0
2894,2880.0
2895,19287620.0
2896,47730.0
2897,1150000.0
2898,895000.0
2899,97000.0
2900,655500.0
2901,7870.0
2902,165300.0
2903,77440.0
2904,318495.0
2905,114900.0
2906,147800.0
2907,230102.0
2908,2430000.0
2909,14585994.0
2910,7140000.0
2911,225650.0
2912,92967.0
2913,6574.1
2914,515400.0
2915,115100.0
2916,326890.0
2917,247940.0
2918,378100.0
2919,4460779.0
2920,207200.0
2921,133000.0
2922,377000.0
2923,880000.0
2924,96160.21
2925,478500.0
2926,453500.0
2927,7086776.5
2928,102540.0
2929,29500.0
2930,169350.0
2931,1752000.0
2932,175269.0
2933,146268.0
2934,58200.0
2935,104500.0
2936,4179.0
2937,12220.0
2938,8812800.0
2939,324500.0
2940,13900000.0
2941,620000.0
2942,69500.0
2943,1429798.0
2944,41495.0
2945,7436.0
2946,195550.0
2947,261000.0
2948,111240.0
2949,467000.0
2950,64500.0
2951,231500.0
2952,498200.0
2953,569500.0
2954,778050.0
2955,2600.0
2956,1000000.0
2957,382000.0
2958,19919.0
2959,765000.0
2960,322000.0
2961,189947.0
2962,1950000.0
2963,615000.0
2964,164020.0
2965,99620.0
2966,24350.7
2967,73750.0
2968,499500.0
2969,171891.7
2970,250280.0
2971,775200.0
2972,2136379.0
2973,635000.0
2974,225000.0
2975,139900.0
2976,111240.0
2977,268650.0
2978,404900.0
2979,73710.0
2980,34600.0
2981,69900.0
2982,2530000.0
2983,218000.0
2984,157350.0
2985,206900.0
2986,298250.0
2987,106350.0
2988,35500.0
2989,39395.0
2990,27870.0
2991,816800.0
2992,149999.0
2993,6400.0
2994,9466.0
2995,440000.0
2996,7659.4
2997,1705320.0
2998,284640.0
2999,135000.0
3000,1296730.0
3001,278000.0
3002,51000.0
3003,21085.0
3004,22708.78
3005,1075000.0
3006,71500.0
3007,92100.0
3008,223523.45
3009,310000.0
3010,176712.5
3011,4050000.0
3012,215150.0
3013,3893.08
3014,231500.0
3015,127530.0
3016,155964.0
3017,228870.0
3018,150000.0
3019,3600.0
3020,247000.0
3021,1475000.0
3022,43000.0
3023,787867.7
3024,930000.0
3025,335160.0
3026,178000.0
3027,715150.0
3028,1450000.0
3029,1307257.6
3030,694000.0
3031,141762.19
3032,92500.0
3033,120650.0
3034,467685.0
3035,213000.0
3036,775000.0
3037,1483894.8
3038,90479.6
3039,374300.0
3040,392370.0
3041,267140.0
3042,320300.0
3043,61750.0
3044,129018.0
3045,182270.0
3046,689100.0
3047,197980.0
3048,2100.0
3049,255000.0
3050,78300.0
3051,8760874.0
3052,201980.0
3053,515000.0
3054,247940.0
3055,86125.5
3056,119923.0
3057,152800.0
3058,8950.0
3059,816900.0
3060,30000.0
3061,674016.0
3062,84500.0
3063,15140.0
3064,388200.0
3065,272500.0
3066,43210.0
3067,11780.0
3068,580000.0
3069,139700.0
3070,598000.0
3071,166000.0
3072,1165000.0
3073,284640.0
3074,334500.0
3075,907000.0
3076,541200.0
3077,1937.0
3078,100080.0
3079,164100.0
3080,75000.0
3081,98000.0
3082,3010.5
3083,1231410.0
3084,129910.0
3085,169000.0
3086,5338.2
3087,816.0
3088,177250.0
3089,2206438.0
3090,262500.0
3091,120500.0
3092,12886000.0
3093,90479.6
3094,34545.82
3095,9360.0
3096,7450000.0
3097,13247.0
3098,231200.0
3099,9581459.0
3100,176800.0
3101,130150.0
3102,397000.0
3103,792000.0
3104,180198.0
3105,113207.0
3106,17389.0
3107,187490.0
3108,994825.0
3109,3649.6
3110,593550.0
3111,136500.0
3112,736535.0
3113,10030598.0
3114,1310000.0
3115,579.0
3116,181639.0
3117,395304.2
3118,280100.0
3119,109523.0
3120,8621.2
3121,5300.0
3122,263885.0
3123,2525000.0
3124,210240.0
3125,301800.0
3126,68500.0
3127,32000000.0
3128,985000.0
3129,42720.0
3130,35660.0
3131,67800.0
3132,502850.0
3133,41956.25
3134,270900.0
3135,70121.0
3136,58853.0
3137,170350.0
3138,143100.0
3139,970000.0
3140,189947.0
3141,21500.0
3142,239200.0
3143,50225.0
3144,209575.0
3145,495000.0
3146,54438.0
3147,1600.0
3148,213132.0
3149,4085.0
3150,637800.0
3151,205500.0
3152,458400.0
3153,674016.0
3154,61242.24
3155,343550.0
3156,226000.0
3157,34000.0
3158,150142.0
3159,344000.0
3160,1250000.0
3161,402800.0
3162,2900.0
3163,61800.0
3164,13267.0
3165,141762.19
3166,473000.0
3167,48500.0
3168,37900.0
3169,92050.0
3170,154000.0
3171,14646.5
3172,105968.45
3173,14946670.0
3174,9418.5
3175,86500.0
3176,12220.0
3177,128.21
3178,237033.0
3179,15140.0
3180,575300.0
3181,386232.0
3182,229404.19
3183,292150.0
3184,3923507.0
3185,2533.44
3186,227898.0
3187,56286.66
3188,169900.0
3189,270150.0
3190,42000.0
3191,6381.15
3192,142830.0
3193,189620.0
3194,149168.0
3195,46739.0
3196,20935.0
3197,154000.0
3198,403190.0
3199,258000.0
3200,253700.0
3201,225939.0
3202,141950.0
3203,352400.0
3204,202950.0
3205,274500.0
3206,10321.0
3207,361600.0
3208,230900.0
3209,205500.0
3210,320000.0
3211,3686.0
3212,63940.0
3213,22708.78
3214,336299.0
3215,575300.0
3216,433000.0
3217,453000.0
3218,345000.0
3219,152800.0
3220,17540.0
3221,383810.0
3222,81780.0
3223,67568.0
3224,158000.0
3225,90714.0
3226,15140.0
3227,150500.0
3228,543500.0
3229,870000.0
3230,68400.0
3231,26650.0
3232,1020000.0
3233,153010.0
3234,75000000.0
3235,258500.0
3236,680000.0
3237,434700.0
3238,5190.0
3239,119912.0
3240,681261.8
3241,280080.0
3242,2650000.0
3243,500050.0
3244,91800.0
3245,90265.0
3246,2108770.8
3247,417600.0
3248,47900.0
3249,1160000.0
3250,3431.25
3251,63000000.0
3252,115200.0
3253,584000.0
3254,7700000.0
3255,4285.0
3256,926900.0
3257,255971.0
3258,6065.0
3259,185498.8
3260,225000.0
3261,27189.0
3262,230600.0
3263,1875.0
3264,6205.0
3265,2345.0
3266,253700.0
3267,59000.0
3268,1533164.0
3269,32662.0
3270,147550.0
3271,118500.0
3272,1056000.0
3273,189220.0
3274,1429798.0
3275,77400.0
3276,12243370.0
3277,976700.0
3278,50470.0
3279,165770.0
3280,615000.0
3281,130500.0
3282,182000.0
3283,282500.0
3284,6500.0
3285,43210.0
3286,99620.0
3287,29735.0
3288,2380000.0
3289,1500000.0
3290,29900.0
3291,241600.0
3292,10227.0
3293,619450.0
3294,632000.0
3295,177000.0
3296,70500.0
3297,461140.0
3298,55555.0
3299,65900.0
3300,1198.59
3301,373000.0
3302,274200.0
3303,295700.0
3304,8594949.0
3305,222500.0
3306,1475000.0
3307,20009.0
3308,200000.0
3309,429050.0
3310,260800.0
3311,365550.0
3312,124100.0
3313,425490.0
3314,272800.0
3315,184000.0
3316,143050.0
3317,420700.0
3318,105000.0
3319,124900.0
3320,648000.0
3321,204600.0
3322,308000.0
3323,1733.5
3324,71865.55
3325,99750.0
3326,7262390.0
3327,297500.0
3328,31278.0
3329,118590.0
3330,527700.0
3331,48400.0
3332,315483.0
3333,1956.0
3334,7100439.0
3335,7200000.0
3336,952300.0
3337,130500.0
3338,268800.0
3339,314300.0
3340,662000.0
3341,2212.5
3342,9581.0
3343,160800.0
3344,130750.0
3345,662000.0
3346,358000.0
3347,218403.98
3348,420600.0
3349,136435.0
3350,78500.0
3351,146000.0
3352,484366.0
3353,124950.0
3354,66000.0
3355,159999.97
3356,457133.0
3357,895000.0
3358,750000.0
3359,261360.0
3360,65000.0
3361,183400.0
3362,693000.0
3363,4706460.0
3364,28274.0
3365,279233.0
3366,53928.0
3367,132750.0
3368,1920000.0
3369,490450.0
3370,102500.0
3371,1540001.0
3372,297150.0
3373,235000.0
3374,165350.0
3375,37500.0
3376,695000.0
3377,253670.0
3378,136200.0
3379,7350.0
3380,246000.0
3381,358600.0
3382,3096.0
3383,118125.0
3384,225650.0
3385,111100.0
3386,190020.0
3387,120451.0
3388,312104.0
3389,1169000.0
3390,218140.0
3391,250600.0
3392,247090.0
3393,9418.5
3394,209600.0
3395,29170.8
3396,312050.0
3397,17000.0
3398,52000.0
3399,7494.0
3400,357000.0
3401,49200.0
3402,204600.0
3403,385547.0
3404,335000.0
3405,7392.0
3406,38800.0
3407,21683.76
3408,926900.0
3409,760000.0
3410,595230.0
3411,10956.0
3412,163550.0
3413,154000.0
3414,7870.0
3415,112836.75
3416,173550.0
3417,6381.15
3418,550.0
3419,157800.0
3420,100602.2
3421,290000.0
3422,117997.0
3423,99100.0
3424,600000.0
3425,18390432.0
3426,219650.0
3427,360824.0
3428,420000.0
3429,252830.0
3430,20029876.0
3431,197164.73
3432,593000.0
3433,141762.19
3434,1800.0
3435,173800.0
3436,292500.0
3437,215248.0
3438,312104.0
3439,663900.0
3440,309000.0
3441,489000.0
3442,107100.0
3443,268700.0
3444,342500.0
3445,1080000.0
3446,173100.0
3447,170873.0
3448,128280.0
3449,415000.0
3450,657000.0
3451,199500.0
3452,40441.1
3453,268720.0
3454,2232.0
3455,117125.0
3456,88393.0
3457,510000.0
3458,77702.0
3459,92356.74
3460,378250.0
3461,314000.0
3462,87600.0
3463,498550.0
3464,215250.0
3465,330202.0
3466,9000.0
3467,330202.0
3468,165100.0
3469,1341.0
3470,35293.26
3471,8050.0
3472,21630.0
3473,26330.0
3474,390000.0
3475,98000.0
3476,7200000.0
3477,1072.0
3478,86900.0
3479,269799.0
3480,131175.0
3481,7140000.0
3482,473000.0
3483,120650.0
3484,61400.0
3485,1810000.0
3486,1231410.0
3487,972200.0
3488,188100.0
3489,804.0
3490,834425.0
3491,175580.0
3492,2215800.0
3493,271250.0
3494,168200.0
3495,693600.0
3496,76000.0
3497,69500.0
3498,202000.0
3499,11500.0
3500,6935.0
3501,14000.0
3502,238000.0
3503,510.0
3504,27157.0
3505,519700.0
3506,186200.0
3507,328500.0
3508,226750.0
3509,185150.0
3510,76560.0
3511,178050.0
3512,753500.0
3513,28500.0
3514,90714.0
3515,499670.0
3516,355500.0
3517,88200.0
3518,48400.0
3519,138000.0
3520,1300.0
3521,318079.0
3522,279682.2
3523,228500.0
3524,29170.8
3525,8069.4
3526,99010.0
3527,108335.0
3528,694300.0
3529,576980.0
3530,8050.0
3531,2330000.0
3532,257800.0
3533,2398250.0
3534,178495.0
3535,6555135.0
3536,290000.0
3537,21338046.0
3538,457133.0
3539,356300.0
3540,1533164.0
3541,1432500.0
3542,135700.0
3543,85000.0
3544,370515.0
3545,156990.0
3546,13800000.0
3547,20000.0
3548,302400.0
3549,255700.0
3550,1960.0
3551,292000.0
3552,152700.0
3553,2380000.0
3554,48302.54
3555,127000.0
3556,970000.0
3557,261500.0
3558,34855.0
3559,12000000.0
3560,20839380.0
3561,7870.0
3562,82775.0
3563,970.0
3564,5005.0
3565,1102000.0
3566,328000.0
3567,1239500.0
3568,3600.0
3569,5540185.0
3570,443900.0
3571,2700000.0
3572,393500.0
3573,525000.0
3574,10000000.0
3575,94050.0
3576,127500.0
3577,233280.0
3578,213750.0
3579,343825.0
3580,189620.0
3581,18390432.0
3582,301149.9
3583,423500.0
3584,249750.0
3585,220000.0
3586,1150000.0
3587,142900.0
3588,1020000.0
3589,298800.0
3590,1643439.6
3591,48500.0
3592,855000.0
3593,839321.0
3594,1400.0
3595,56286.66
3596,2150000.0
3597,269550.0
3598,277500.0
3599,258300.0
3600,172800.0
3601,450000.0
3602,217700.0
3603,379600.0
3604,1079850.0
3605,2941.0
3606,580000.0
3607,3686.0
3608,16809.0
3609,637400.0
3610,570000.0
3611,112000.0
3612,118000.0
3613,160700.0
3614,595230.0
3615,75500.0
3616,2500.0
3617,3534000.0
3618,5416.4
3619,485000.0
3620,158400.0
3621,156000.0
3622,332565.0
3623,19285.0
3624,119017.25
3625,133.0
3626,225000.0
3627,7228.0
3628,115500.0
3629,443500.0
3630,53600.0
3631,436500.0
3632,52000.0
3633,31430.0
3634,240.0
3635,883000.0
3636,9345.0
3637,63682.0
3638,60.0
3639,125930.0
3640,320300.0
3641,7953.3
3642,90000.0
3643,2500000.0
3644,264535.0
3645,2762756.8
3646,4479.0
3647,18793.12
3648,236500.0
3649,9549.0
3650,77800.0
3651,207500.0
3652,339404.6
3653,250560.0
3654,778050.0
3655,8820.0
3656,247900.0
3657,54140.5
3658,588500.0
3659,135323.2
3660,8729.5
3661,101100.0
3662,6187962.0
3663,190420.0
3664,105195.0
3665,156865.0
3666,270000.0
3667,525691.0
3668,197980.0
3669,105850.0
3670,318500.0
3671,354937.0
3672,65.0
3673,244000.0
3674,431800.0
3675,298250.0
3676,308000.0
3677,33517.0
3678,71865.55
3679,393500.0
3680,493700.0
3681,151000.0
3682,490650.0
3683,67879.6
3684,11955.0
3685,7656.5
3686,744950.0
3687,438000.0
3688,63000.0
3689,126788.0
3690,323195.0
3691,259000.0
3692,12220.0
3693,15000.0
3694,12850.0
3695,131750.0
3696,8069.4
3697,930000.0
3698,331000.0
3699,614830.0
3700,1036455.0
3701,770000.0
3702,21296.0
3703,65500.0
3704,288750.0
3705,610000.0
3706,164400.0
3707,133500.0
3708,500000.0
3709,480658.0
3710,41839.5
3711,70999.24
3712,227100.0
3713,796000.0
3714,162950.0
3715,1533164.0
3716,57673.0
3717,2200000.0
3718,334210.0
3719,45070.0
3720,25.92
3721,461140.0
3722,282203.0
3723,526500.0
3724,4655479.0
3725,219600.0
3726,281100.0
3727,85000.0
3728,88889.65
3729,77000.0
3730,279233.0
3731,49760.0
3732,70460.0
3733,7194.6
3734,43807.9
3735,1293.6
3736,170850.0
3737,1428000.0
3738,139000.0
3739,454000.0
3740,10042.5
3741,111240.0
3742,13995.0
3743,27500.0
3744,24300000.0
3745,239200.0
3746,433100.0
3747,25.92
3748,268200.0
3749,76476.0
3750,730091.0
3751,568112.0
3752,381070.0
3753,280.0
3754,25900.0
3755,505000.0
3756,150500.0
3757,341500.0
3758,64000.0
3759,15900.0
3760,408332.0
3761,29170.8
3762,286525.0
3763,690000.0
3764,38400.0
3765,36045264.0
3766,370000.0
3767,6726.0
3768,2371700.0
3769,82950.0
3770,1850000.0
3771,2370.0
3772,3848.1
3773,527000.0
3774,164100.0
3775,5721358.5
3776,5440000.0
3777,442105.0
3778,2683973.5
3779,125000.0
3780,197164.73
3781,272500.0
3782,402400.0
3783,125630.4
3784,6340.0
3785,428300.0
3786,45070.0
3787,289500.0
3788,1820000.0
3789,62000.0
3790,259800.0
3791,246050.0
3792,11508.8
3793,490650.0
3794,5761.0
3795,161000.0
3796,77400.0
3797,113852.75
3798,27192.0
3799,63650.0
3800,883000.0
3801,34948.0
3802,182700.0
3803,529970.0
3804,68500.0
3805,1643439.6
3806,440000.0
3807,665000.0
3808,4323691.5
3809,45130.0
3810,41932.2
3811,141860.0
3812,78000.0
3813,144125.0
3814,6291.0
3815,139000.0
3816,143050.0
3817,524235.0
3818,442850.0
3819,330800.0
3820,14707650.0
3821,552000.0
3822,92685.0
3823,4116.12
3824,900300.0
3825,170400.0
3826,412350.7
3827,291000.0
3828,35168.5
3829,407700.0
3830,2530000.0
3831,3244.0
3832,215250.0
3833,172500.0
3834,242215.0
3835,28100.0
3836,182500.0
3837,423500.0
3838,165266.0
3839,1007200.0
3840,147800.0
3841,143277.0
3842,117400.0
3843,3150.0
3844,23500.0
3845,1665000.0
3846,170000.0
3847,9518046.0
3848,1032711.6
3849,306000.0
3850,2790.0
3851,394200.0
3852,466000.0
3853,2518988.0
3854,227500.0
3855,740200.0
3856,3644.0
3857,161085.0
3858,952300.0
3859,41839.5
3860,3291484.2
3861,2790.0
3862,103270.0
3863,494125.0
3864,244200.0
3865,286400.0
3866,178000.0
3867,196350.0
3868,396600.0
3869,400.0
3870,267950.0
3871,797000.0
3872,58200.0
3873,74500.0
3874,342500.0
3875,1440000.0
3876,6187962.0
3877,275210.0
3878,19287620.0
3879,5250.0
3880,21613.1
3881,528.0
3882,905.0
3883,240800.0
3884,44500.0
3885,498200.0
3886,274000.0
3887,247090.0
3888,193500.0
3889,209575.0
3890,324500.0
3891,158533.0
3892,125205.0
3893,42035.0
3894,147700.0
3895,152700.0
3896,162950.0
3897,142310.0
3898,92500.0
3899,6574.1
3900,4221675.5
3901,253200.0
3902,7392.0
3903,8820.0
3904,6187962.0
3905,12080716.0
3906,107000.0
3907,2518988.0
3908,236550.0
3909,5292.0
3910,455000.0
3911,52250.0
3912,49200.0
3913,392000.0
3914,1200.0
3915,24200.0
3916,348150.0
3917,820000.0
3918,485000.0
3919,89700.0
3920,61400.0
3921,495590.0
3922,396500.0
3923,6375.0
3924,43010.0
3925,70000000.0
3926,282078.0
3927,253000.0
3928,526500.0
3929,248400.0
3930,174000.0
3931,1650000.0
3932,175830.0
3933,288.0
3934,17389.0
3935,972200.0
3936,271062.0
3937,135400.0
3938,9582.0
3939,754450.0
3940,1365000.0
3941,348000.0
3942,1400.0
3943,7228.0
3944,5250.0
3945,373000.0
3946,460000.0
3947,263885.0
3948,53062.58
3949,370000.0
3950,36000.0
3951,204970.0
3952,177459.0
3953,369000.0
3954,56286.66
3955,695000.0
3956,127910.0
3957,33500.0
3958,205301.67
3959,385547.0
3960,908800.0
3961,141950.0
3962,171985.0
3963,629650.0
3964,99010.0
3965,264000.0
3966,3500.0
3967,10800.0
3968,32500.0
3969,3000000.0
3970,242000.0
3971,508000.0
3972,175275.0
3973,343550.0
3974,111100.0
3975,237033.0
3976,394500.0
3977,578850.0
3978,415298.4
3979,133250.0
3980,437000.0
3981,15204.15
3982,69300.0
3983,428400.0
3984,318000.0
3985,502000.0
3986,343700.0
3987,87600.0
3988,16810.0
3989,75960.0
3990,69300.0
3991,13800000.0
3992,164020.0
3993,185048.0
3994,6345.0
3995,231200.0
3996,247250.0
3997,502923.0
3998,170300.0
3999,56600.0
